time_s,ref_joint1,cur_joint1,ref_joint2,cur_joint2,ref_joint3,cur_joint3
0.03990185,0.0,0.0,0.0,0.0,0.0,0.0
0.050344780000000006,0.0,0.0,0.0,0.0,0.0,0.0
0.060053845,0.0,0.0,0.0,0.0,0.0,0.0
0.069990521,0.0,0.0,0.0,0.0,0.0,0.0
0.080308668,0.0,0.0,0.0,0.0,0.0,0.0
0.089843748,0.0,0.0,0.0,0.0,0.0,0.0
0.10016952800000001,0.0,0.0,0.0,0.0,0.0,0.0
0.111120041,0.0,0.0,0.0,0.0,0.0,0.0
0.120116787,0.0,0.0,0.0,0.0,0.0,0.0
0.129812019,0.0,0.0,0.0,0.0,0.0,0.0
0.140397882,0.0,0.0,0.0,0.0,0.0,0.0
0.154982097,0.0,0.0,0.0,0.0,0.0,0.0
0.15998942300000002,0.0,0.0,0.0,0.0,0.0,0.0
0.169922978,0.0,0.0,0.0,0.0,0.0,0.0
0.180689137,0.0,0.0,0.0,0.0,0.0,0.0
0.192790389,0.0,0.0,0.0,0.0,0.0,0.0
0.20037010500000002,0.0,0.0,0.0,0.0,0.0,0.0
0.21007571300000003,0.0,0.0,0.0,0.0,0.0,0.0
0.21990626400000002,0.0,0.0,0.0,0.0,0.0,0.0
0.230297627,0.0,0.0,0.0,0.0,0.0,0.0
0.24005790700000001,0.0,0.0,0.0,0.0,0.0,0.0
0.250193738,0.0,0.0,0.0,0.0,0.0,0.0
0.260189959,0.0,0.0,0.0,0.0,0.0,0.0
0.270139377,0.0,0.0,0.0,0.0,0.0,0.0
0.280119339,0.0,0.0,0.0,0.0,0.0,0.0
0.289940244,0.0,0.0,0.0,0.0,0.0,0.0
0.299730895,0.0,2.48594729847786e-13,0.0,6.355081201830839e-25,0.0,3.1509517217642724e-14
0.309558867,0.0,2.0688536570211535e-13,0.0,1.3251489012016103e-23,0.0,3.7539416020138106e-15
0.32000620900000004,0.0,1.6419058963100801e-13,0.0,1.1020221185147439e-23,0.0,3.7539416020138106e-15
0.32988570500000003,0.0,1.138365406921088e-13,0.0,8.717365808851777e-24,0.0,3.7539416020138106e-15
0.33982694500000005,0.0,6.873869976947495e-14,0.0,6.0333233768224606e-24,0.0,3.7539416020138106e-15
0.350028763,0.0,4.58476182975432e-14,0.0,3.672534055647368e-24,0.0,3.755676325489787e-15
0.35981497500000004,0.0,2.586453071500205e-14,0.0,2.453464305890004e-24,0.0,3.7539416020138106e-15
0.36961967,0.0,1.8616144131736133e-14,0.0,1.4145327187768949e-24,0.0,3.7539416020138106e-15
0.37941930700000004,0.0,1.27545465083742e-14,0.0,1.0298855218977136e-24,0.0,3.7539416020138106e-15
0.38967097300000003,0.0,8.017465710140973e-15,0.0,7.187225918845196e-25,0.0,3.7539416020138106e-15
0.400356031,0.0,5.4378492041061314e-15,0.0,4.703506233442024e-25,0.0,3.7539416020138106e-15
0.409653239,0.0,3.574785384927685e-15,0.0,3.339942902435203e-25,0.0,3.7539416020138106e-15
0.420060139,0.0,1.9157807240442765e-15,0.0,2.346682713252704e-25,0.0,3.7539416020138106e-15
0.429613683,0.0,8.654293383213923e-16,0.0,1.4726341979910723e-25,0.0,3.7539416020138106e-15
0.440454002,0.0,2.9603678649238477e-16,0.0,9.214769282952983e-26,0.0,3.7539416020138106e-15
0.45015375500000004,0.0,1.346037986384763e-17,0.0,6.232979831806533e-26,0.0,3.7539416020138106e-15
0.45957294200000004,0.0,-1.8528292366914402e-16,0.0,4.737482595889409e-26,0.0,3.7539416020138106e-15
0.469514458,0.0,-4.485697847795577e-16,0.0,3.6531476756420454e-26,0.0,3.7539416020138106e-15
0.479888878,0.0,-5.397925731949536e-16,0.0,2.2814131631415742e-26,0.0,3.7539416020138106e-15
0.489797843,0.0,-6.380599510273403e-16,0.0,1.787024789375833e-26,0.0,3.7539416020138106e-15
0.49970329100000005,0.0,-7.557263378939931e-16,0.0,1.2512902434151956e-26,0.0,3.7539416020138106e-15
0.5095183360000001,0.0,-8.090909301396436e-16,0.0,6.322155472686715e-27,0.0,3.7539416020138106e-15
0.519845562,0.0,-8.231058918352308e-16,0.0,3.517297353671232e-27,0.0,3.7539416020138106e-15
0.529785527,0.0,-8.339642882778056e-16,0.0,2.72952074700891e-27,0.0,3.7539416020138106e-15
0.539491249,0.0,-8.449178083593018e-16,0.0,2.1039675306782585e-27,0.0,3.7539416020138106e-15
0.5497889570000001,0.0,-8.555299932495814e-16,0.0,1.4748786921557007e-27,0.0,3.7539416020138106e-15
0.559907031,0.0,-8.583738577919253e-16,0.0,8.799847397957384e-28,0.0,3.7539416020138106e-15
0.569827382,0.0,-8.646442459393241e-16,0.0,6.741487621699165e-28,0.0,3.7539416020138106e-15
0.5795556820000001,0.0,-8.663829817980915e-16,0.0,3.0525570728774784e-28,0.0,3.7539416020138106e-15
0.5896249610000001,0.0,-8.677602576212871e-16,0.0,1.6974373750438911e-28,0.0,3.7539416020138106e-15
0.600500295,0.0,-8.681278689119154e-16,0.0,5.371229633020208e-29,0.0,3.7539416020138106e-15
0.6098430530000001,0.0,-8.682242878923728e-16,0.0,-1.3600339488279343e-29,0.0,3.7539416020138106e-15
0.6199755680000001,0.0,-8.679834560212805e-16,0.0,-5.938745817145225e-29,0.0,3.752206878537834e-15
0.629529557,0.0,-8.677261231861548e-16,0.0,-9.138272770750081e-29,0.0,3.7539416020138106e-15
0.6403254660000001,0.0,-8.671817835153651e-16,0.0,-1.1922064875440862e-28,0.0,3.7539416020138106e-15
0.650895379,0.0,-8.664538552458998e-16,0.0,-1.3739490334173752e-28,0.0,3.752206878537834e-15
0.659445002,0.0,-8.658471130703743e-16,0.0,-1.4545109237323363e-28,0.0,3.7539416020138106e-15
0.669443118,0.0,-8.649424590266919e-16,0.0,-1.4996527956988287e-28,0.0,3.7539416020138106e-15
0.68139149,0.0,-8.640533251785154e-16,0.0,-1.4565357983276164e-28,0.0,3.7539416020138106e-15
0.6896740060000001,0.0,-8.635058212832367e-16,0.0,-1.5157901627028494e-28,0.0,3.7539416020138106e-15
0.699889207,0.0,-8.627778218072993e-16,0.0,-1.4971796609089925e-28,0.0,3.7539416020138106e-15
0.7098785200000001,0.0,-8.616033141966493e-16,0.0,-1.6312966074112586e-28,0.0,3.7539416020138106e-15
0.7197421260000001,0.0,-8.607025403012357e-16,0.0,-1.4478166319868893e-28,0.0,3.7539416020138106e-15
0.7299621030000001,0.0,-8.601866016617829e-16,0.0,-1.4081371788251652e-28,0.0,3.7539416020138106e-15
0.740962568,0.0,-8.595496591411055e-16,0.0,-1.5775359582023902e-28,0.0,3.7539416020138106e-15
0.7496368290000001,0.0,-8.589425348703269e-16,0.0,-1.719798143921956e-28,0.0,3.7539416020138106e-15
0.7597876720000001,0.0,-8.57775560663098e-16,0.0,-1.7604940066118306e-28,0.0,3.7539416020138106e-15
0.7704042560000001,0.0,-8.570807288602737e-16,0.0,-1.5912594127623645e-28,0.0,3.7539416020138106e-15
0.78200563,0.0,-8.563784107098202e-16,0.0,-1.6832793825402145e-28,0.0,3.7539416020138106e-15
0.7895851580000001,0.0,-8.555251755000269e-16,0.0,-1.810351277305912e-28,0.0,3.7539416020138106e-15
0.7995658010000001,0.0,-8.545980613786884e-16,0.0,-1.6819466390186985e-28,0.0,3.7539416020138106e-15
0.8100858870000001,0.0,-8.538062093579925e-16,0.0,-1.6237818695095026e-28,0.0,3.7539416020138106e-15
0.8202659870000001,0.0,-8.530067257424756e-16,0.0,-1.657723495884411e-28,0.0,3.7539416020138106e-15
0.829523984,0.0,-8.523010589492921e-16,0.0,-1.6749035132120744e-28,0.0,3.755676325489787e-15
0.8415286890000001,0.0,-8.512766065611362e-16,0.0,-1.6913519179021136e-28,0.0,3.755676325489787e-15
0.849673224,0.0,-8.502631601249981e-16,0.0,-1.6641558611574214e-28,0.0,3.755676325489787e-15
0.8607893830000001,0.0,-8.4978226256496325e-16,0.0,-1.4877683634945012e-28,0.0,3.755676325489787e-15
0.869675873,0.0,-8.489076874738287e-16,0.0,-1.7025088300699488e-28,0.0,3.755676325489787e-15
0.879989792,0.0,-8.481195257327017e-16,0.0,-1.6209074190675047e-28,0.0,3.755676325489787e-15
0.889722662,0.0,-8.473250707531096e-16,0.0,-1.6448655060931958e-28,0.0,3.755676325489787e-15
0.8996338730000001,0.0,-8.462329934886457e-16,0.0,-1.6324061838004687e-28,0.0,3.7539416020138106e-15
0.9097617640000001,0.0,-8.456830542747833e-16,0.0,-1.4888107730769008e-28,0.0,3.7539416020138106e-15
0.920059999,0.0,-8.454044172273416e-16,0.0,-1.638425437100408e-28,0.0,3.7539416020138106e-15
0.929705895,0.0,-8.442338659399906e-16,0.0,-1.911169135810966e-28,0.0,3.7539416020138106e-15
0.939913281,0.0,-8.4327862903056e-16,0.0,-1.7046254270788304e-28,0.0,3.7539416020138106e-15
0.9509685920000001,0.0,-8.425762527100059e-16,0.0,-1.6383693443907777e-28,0.0,3.7539416020138106e-15
0.9598700670000001,0.0,-8.417541364933842e-16,0.0,-1.7344966005162764e-28,0.0,3.7539416020138106e-15
0.969693832,0.0,-8.411395968486156e-16,0.0,-1.6815489344851825e-28,0.0,3.7539416020138106e-15
0.97946818,0.0,-8.401926732037355e-16,0.0,-1.765618906193845e-28,0.0,3.7539416020138106e-15
0.989577994,0.0,-8.391651858153163e-16,0.0,-1.6750893654517078e-28,0.0,3.7539416020138106e-15
0.999490991,0.0,-8.383937150983024e-16,0.0,-1.5637934850842151e-28,0.0,3.7539416020138106e-15
1.009615768,0.0,-8.379158756282027e-16,0.0,-1.5820650232078599e-28,0.0,3.7539416020138106e-15
1.01969138,0.0,-8.36876564133546e-16,0.0,-1.7449416408284176e-28,0.0,3.7539416020138106e-15
1.029791195,0.0,-8.358787625247313e-16,0.0,-1.619168304327723e-28,0.0,3.7539416020138106e-15
1.040481164,0.0,-8.354058031160409e-16,0.0,-1.528554985633005e-28,0.0,3.7539416020138106e-15
1.049761443,0.0,-8.342562580384036e-16,0.0,-1.7139502983870673e-28,0.0,3.7539416020138106e-15
1.0596066450000001,0.0,-8.334001340332107e-16,0.0,-1.5001646115815496e-28,0.0,3.752206878537834e-15
1.069576078,0.0,-8.325052894647795e-16,0.0,-1.4590744147355618e-28,0.0,3.752206878537834e-15
1.079869326,0.0,-8.320722982179721e-16,0.0,-1.4148314705706122e-28,0.0,3.7539416020138106e-15
1.089760469,0.0,-8.313406320555271e-16,0.0,-1.6126449388648404e-28,0.0,3.7539416020138106e-15
1.099552611,0.0,-8.303544899250042e-16,0.0,-1.633769982942338e-28,0.0,3.7539416020138106e-15
1.109467454,0.0,-8.293205621018064e-16,0.0,-1.5188627431878762e-28,0.0,3.7539416020138106e-15
1.119846329,0.0,-8.287986803961369e-16,0.0,-1.397298767321883e-28,0.0,3.7539416020138106e-15
1.129965917,0.0,-8.28158980437818e-16,0.0,-1.553920927448043e-28,0.0,3.7539416020138106e-15
1.1398194830000001,0.0,-8.270925152414074e-16,0.0,-1.6280769340267292e-28,0.0,3.7539416020138106e-15
1.149584995,0.0,-8.261783631585087e-16,0.0,-1.4761285243931108e-28,0.0,3.7539416020138106e-15
1.159764053,0.0,-8.256590502605333e-16,0.0,-1.4079686599550313e-28,0.0,3.7539416020138106e-15
1.169913691,0.0,-8.251214214047696e-16,0.0,-1.5584121960783541e-28,0.0,3.7539416020138106e-15
1.179620857,0.0,-8.2403934474196665e-16,0.0,-1.6840521619303999e-28,0.0,3.7539416020138106e-15
1.189533718,0.0,-8.22899146652448e-16,0.0,-1.5106370963953983e-28,0.0,3.7539416020138106e-15
1.199577751,0.0,-8.224846048106348e-16,0.0,-1.334144876291752e-28,0.0,3.7539416020138106e-15
1.209655828,0.0,-8.217009955663758e-16,0.0,-1.5245374957690131e-28,0.0,3.7539416020138106e-15
1.2200532530000001,0.0,-8.210529796693929e-16,0.0,-1.5307274346102737e-28,0.0,3.7539416020138106e-15
1.229484628,0.0,-8.198124105674489e-16,0.0,-1.604167476732134e-28,0.0,3.7539416020138106e-15
1.24005225,0.0,-8.193055805687118e-16,0.0,-1.3522519881463947e-28,0.0,3.7539416020138106e-15
1.2507812010000001,0.0,-8.184397893135373e-16,0.0,-1.5136586397368988e-28,0.0,3.7539416020138106e-15
1.259544483,0.0,-8.173504092400777e-16,0.0,-1.4921031503168308e-28,0.0,3.7539416020138106e-15
1.26964729,0.0,-8.164589469377176e-16,0.0,-1.2785483343633965e-28,0.0,3.755676325489787e-15
1.2804069530000002,0.0,-8.159314787090208e-16,0.0,-1.2310079573924128e-28,0.0,3.7539416020138106e-15
1.2897070160000002,0.0,-8.152756132850516e-16,0.0,-1.3934180184839427e-28,0.0,3.7539416020138106e-15
1.299568116,0.0,-8.145906427341568e-16,0.0,-1.428234498536089e-28,0.0,3.7539416020138106e-15
1.309442499,0.0,-8.138013461256574e-16,0.0,-1.468544212272114e-28,0.0,3.7539416020138106e-15
1.319926892,0.0,-8.129171254306035e-16,0.0,-1.4532424581227143e-28,0.0,3.7539416020138106e-15
1.329638671,0.0,-8.124828422760806e-16,0.0,-1.42581721571464e-28,0.0,3.7539416020138106e-15
1.339528772,0.0,-8.114563137484127e-16,0.0,-1.5809677246220452e-28,0.0,3.7539416020138106e-15
1.3494665540000002,0.0,-8.107383261176278e-16,0.0,-1.4480913177452075e-28,0.0,3.7539416020138106e-15
1.3596281920000002,0.0,-8.096767698665477e-16,0.0,-1.4657966324652024e-28,0.0,3.7539416020138106e-15
1.3694359360000001,0.0,-8.09170037631449e-16,0.0,-1.3307528321772e-28,0.0,3.7539416020138106e-15
1.3798476610000001,0.0,-8.085574519683686e-16,0.0,-1.4617690314690026e-28,0.0,3.7539416020138106e-15
1.3894438180000002,0.0,-8.078131097948075e-16,0.0,-1.559958236341211e-28,0.0,3.7539416020138106e-15
1.399564193,0.0,-8.068714029463408e-16,0.0,-1.5516560338334437e-28,0.0,3.7539416020138106e-15
1.409561179,0.0,-8.062380756349196e-16,0.0,-1.4714930517582138e-28,0.0,3.7539416020138106e-15
1.4199550600000002,0.0,-8.054117739734366e-16,0.0,-1.5386509511427259e-28,0.0,3.7539416020138106e-15
1.4303889390000002,0.0,-8.04396356375858e-16,0.0,-1.5182320011310893e-28,0.0,3.7539416020138106e-15
1.4399010360000002,0.0,-8.036942763442258e-16,0.0,-1.4102371646882764e-28,0.0,3.7539416020138106e-15
1.4495046980000001,0.0,-8.027498085147378e-16,0.0,-1.4179976993991848e-28,0.0,3.7539416020138106e-15
1.460677347,0.0,-8.02584116347174e-16,0.0,-1.3250373943259878e-28,0.0,3.7539416020138106e-15
1.46957887,0.0,-8.017562849650431e-16,0.0,-1.6776241299997644e-28,0.0,3.7539416020138106e-15
1.4798661100000001,0.0,-8.008785721113787e-16,0.0,-1.5968253503016437e-28,0.0,3.7539416020138106e-15
1.4896148800000002,0.0,-8.000296710134597e-16,0.0,-1.5476019513005086e-28,0.0,3.7539416020138106e-15
1.500067188,0.0,-7.995683004253598e-16,0.0,-1.500544260521837e-28,0.0,3.7539416020138106e-15
1.51147391,0.0,-7.984991580049495e-16,0.0,-1.6646171213791022e-28,0.0,3.7539416020138106e-15
1.5198579840000002,0.0,-7.979229783044216e-16,0.0,-1.5689436624967496e-28,0.0,3.7539416020138106e-15
1.5296164730000001,0.0,-7.969597297779536e-16,0.0,-1.5917683397501689e-28,0.0,3.7539416020138106e-15
1.5399034900000002,0.0,-7.960511479907305e-16,0.0,-1.4736801859513085e-28,0.0,3.7539416020138106e-15
1.5528759060000001,0.0,-7.955305429320441e-16,0.0,-1.4145182662134062e-28,0.0,3.7539416020138106e-15
1.5594581220000001,0.0,-7.948569776468354e-16,0.0,-1.6587634980543802e-28,0.0,3.7539416020138106e-15
1.5697791410000002,0.0,-7.939891549500977e-16,0.0,-1.5596953469038021e-28,0.0,3.7539416020138106e-15
1.579558698,0.1352109093565058,-7.930661102055461e-16,-0.17240270544244188,-1.5113809868364178e-28,0.0,3.7539416020138106e-15
1.589710159,0.1352109093565058,0.011270431353735675,-0.17240270544244188,-0.04691715955719981,0.0,3.7539416020138106e-15
1.59993362,0.1352109093565058,0.03597514119975599,-0.17240270544244188,-0.12740753176292094,0.0,3.7539416020138106e-15
1.6096911710000001,0.13527493901919765,0.06680902033122818,-0.1725779512675031,-0.1531436640240689,0.0,3.7539416020138106e-15
1.6195694520000001,0.13527493901919765,0.0909253504916933,-0.1725779512675031,-0.10885626561152004,0.0,3.7539416020138106e-15
1.630630993,0.13527493901919765,0.09834151031961176,-0.1725779512675031,-0.10477917411984997,0.0,3.7539416020138106e-15
1.640073727,0.13527493901919765,0.11092484503379577,-0.1725779512675031,-0.11302629393078382,0.0,3.7539416020138106e-15
1.6502169770000001,0.13527493901919765,0.11561076767250465,-0.1725779512675031,-0.10926407342605689,0.0,3.7539416020138106e-15
1.659813513,0.13561255098565556,0.12067319506862999,-0.17383233039459497,-0.10345128911908055,0.0,3.7539416020138106e-15
1.6708357630000001,0.13561255098565556,0.12306370437964564,-0.17383233039459497,-0.10457953667763384,0.0,3.7539416020138106e-15
1.6797423500000002,0.13561255098565556,0.1255602740186954,-0.17383233039459497,-0.10580398811494483,0.0,3.7539416020138106e-15
1.689698334,0.13561255098565556,0.12700088627925385,-0.17383233039459497,-0.10481968949183033,0.0,3.7539416020138106e-15
1.700068624,0.13561255098565556,0.1279447534040538,-0.17383233039459497,-0.10390693640851191,0.0,3.7539416020138106e-15
1.7098091610000001,0.13599077178998625,0.12867504617557426,-0.17536901387190632,-0.10422522131733787,0.0,3.755676325489787e-15
1.719999024,0.13599077178998625,0.12896549008967062,-0.17536901387190632,-0.10507361915429488,0.0,3.7539416020138106e-15
1.7296138110000001,0.13599077178998625,0.1292133795604076,-0.17536901387190632,-0.1057267104143174,0.0,3.7539416020138106e-15
1.7395896480000002,0.13599077178998625,0.1295428768384638,-0.17536901387190632,-0.10600553679524391,0.0,3.7539416020138106e-15
1.749535137,0.13599077178998625,0.12973913444148788,-0.17536901387190632,-0.10597090432805974,0.0,3.755676325489787e-15
1.759537539,0.136322491003911,0.129855401204138,-0.1767167254591238,-0.1061378602783488,0.0,3.755676325489787e-15
1.7695660780000002,0.136322491003911,0.12998952776900793,-0.1767167254591238,-0.10683764214575052,0.0,3.755676325489787e-15
1.779820098,0.136322491003911,0.1302009460028651,-0.1767167254591238,-0.10797961992099298,0.0,3.755676325489787e-15
1.791420674,0.136322491003911,0.1302740366136953,-0.1767167254591238,-0.10796980224016528,0.0,3.7539416020138106e-15
1.7997547370000002,0.136322491003911,0.1303273889520329,-0.1767167254591238,-0.10801946325680076,0.0,3.7539416020138106e-15
1.8095829040000002,0.13665303774591495,0.13037939569629625,-0.17804874963854783,-0.10829702501755584,0.0,3.7539416020138106e-15
1.8196490360000002,0.13665303774591495,0.13058351576512287,-0.17804874963854783,-0.10982221148910469,0.0,3.7539416020138106e-15
1.830276089,0.13665303774591495,0.13063061239183615,-0.17804874963854783,-0.10988177411190579,0.0,3.7539416020138106e-15
1.841522378,0.13665303774591495,0.13068281637393486,-0.17804874963854783,-0.10993266215716088,0.0,3.7539416020138106e-15
1.849503624,0.13665303774591495,0.13073293344860365,-0.17804874963854783,-0.11022817256623624,0.0,3.7539416020138106e-15
1.85949699,0.13706252638398095,0.13078202010478732,-0.17968231876661414,-0.11057331954114848,0.0,3.7539416020138106e-15
1.8704832800000002,0.13706252638398095,0.13091894172674057,-0.17968231876661414,-0.1116733050040152,0.0,3.7539416020138106e-15
1.8802075640000002,0.13706252638398095,0.1310649268089689,-0.17968231876661414,-0.11253346891017318,0.0,3.7539416020138106e-15
1.8896436010000002,0.13706252638398095,0.13111420065846116,-0.17968231876661414,-0.11248690956402062,0.0,3.7539416020138106e-15
1.8994239290000001,0.13706252638398095,0.13114824032926953,-0.17968231876661414,-0.11255991223861249,0.0,3.7539416020138106e-15
1.9102484560000002,0.13745506957716164,0.13118243426513163,-0.18123071651884542,-0.11281361812793272,0.0,3.7539416020138106e-15
1.91967868,0.13745506957716164,0.1313789804119071,-0.18123071651884542,-0.11440133791079993,0.0,3.7539416020138106e-15
1.9294775800000001,0.13745506957716164,0.1314386194966207,-0.18123071651884542,-0.11458430361416641,0.0,3.7539416020138106e-15
1.939622224,0.13745506957716164,0.13148873226995117,-0.18123071651884542,-0.11468052522258979,0.0,3.7539416020138106e-15
1.9494529690000002,0.13745506957716164,0.13154733227029208,-0.18123071651884542,-0.1149537481442437,0.0,3.7539416020138106e-15
1.959537303,0.1378101229308461,0.13157279187583484,-0.18261686788897696,-0.1150992110647058,0.0,3.7539416020138106e-15
1.969515533,0.1378101229308461,0.13173508399957182,-0.18261686788897696,-0.11638444356998462,0.0,3.7539416020138106e-15
1.9796158220000002,0.1378101229308461,0.13186111254925542,-0.18261686788897696,-0.11699071664457868,0.0,3.7539416020138106e-15
1.9895040240000001,0.1378101229308461,0.13189331637683413,-0.18261686788897696,-0.11683135928766775,0.0,3.7539416020138106e-15
1.999811148,0.1378101229308461,0.13191842010292534,-0.18261686788897696,-0.11695013907866626,0.0,3.7539416020138106e-15
2.0096207230000003,0.13820204516694296,0.13194855600590047,-0.1841317119420197,-0.11720500327590767,0.0,3.7539416020138106e-15
2.019802401,0.13820204516694296,0.13215003321806687,-0.1841317119420197,-0.11885700096941154,0.0,3.752206878537834e-15
2.030025445,0.13820204516694296,0.13224284498932978,-0.1841317119420197,-0.11914943137930445,0.0,3.7539416020138106e-15
2.039607155,0.13820204516694296,0.1322746341579923,-0.1841317119420197,-0.11910819896172542,0.0,3.7539416020138106e-15
2.050254418,0.13820204516694296,0.1323097369621365,-0.1841317119420197,-0.11927039243368255,0.0,3.7539416020138106e-15
2.059619812,0.13859373333555933,0.13235461092164258,-0.1856298321641501,-0.11959938634728712,0.0,3.7539416020138106e-15
2.0694833200000002,0.13859373333555933,0.13256742673009203,-0.1856298321641501,-0.12122852694788479,0.0,3.7539416020138106e-15
2.07950399,0.13859373333555933,0.1326253248165824,-0.1856298321641501,-0.12143331397699408,0.0,3.7539416020138106e-15
2.0904573600000003,0.13859373333555933,0.1326641549371768,-0.1856298321641501,-0.12127159972515236,0.0,3.7539416020138106e-15
2.09956866,0.13859373333555933,0.13271694796960815,-0.1856298321641501,-0.12153000296052599,0.0,3.7539416020138106e-15
2.1097423390000003,0.13902529318337706,0.1327675676842134,-0.18726307507797232,-0.12188281942084406,0.0,3.7539416020138106e-15
2.120192141,0.13902529318337706,0.13288461558565287,-0.18726307507797232,-0.12280569740945077,0.0,3.7539416020138106e-15
2.129952541,0.13902529318337706,0.13303994374269215,-0.18726307507797232,-0.12378232594970182,0.0,3.7539416020138106e-15
2.139846245,0.13902529318337706,0.1331018622243513,-0.18726307507797232,-0.1237406269440567,0.0,3.7539416020138106e-15
2.149592819,0.13902529318337706,0.13315130541418013,-0.18726307507797232,-0.12387382123676174,0.0,3.7539416020138106e-15
2.1594554080000004,0.13944739387723387,0.1331782939467854,-0.18726307507797232,-0.1240334562767549,0.0,3.7539416020138106e-15
2.169518945,0.13944739387723387,0.13329604982513937,-0.18884334096348002,-0.1244340809275897,0.0,3.7539416020138106e-15
2.1794376470000003,0.13944739387723387,0.13351457261109329,-0.18884334096348002,-0.1260322171099441,0.0,3.7539416020138106e-15
2.1895618740000002,0.13944739387723387,0.13355786288045898,-0.18884334096348002,-0.12596284890406334,0.0,3.7539416020138106e-15
2.200494534,0.13944739387723387,0.13358364890905958,-0.18884334096348002,-0.12607195779311442,0.0,3.7539416020138106e-15
2.2096461620000003,0.1399012017054352,0.13361573029993418,-0.1905250468544102,-0.12628347396762502,0.0,3.755676325489787e-15
2.220092363,0.1399012017054352,0.1338394206725243,-0.1905250468544102,-0.12802890608233938,0.0,3.7539416020138106e-15
2.229638457,0.1399012017054352,0.1339691871765151,-0.1905250468544102,-0.1284512773851449,0.0,3.7539416020138106e-15
2.239617773,0.1399012017054352,0.13399479624666563,-0.1905250468544102,-0.12825941160480855,0.0,3.7539416020138106e-15
2.249782666,0.1399012017054352,0.134023328575258,-0.1905250468544102,-0.12833858606564183,0.0,3.7539416020138106e-15
2.259613243,0.14033514399128919,0.1340909367110434,-0.1921149081013951,-0.12879753742581843,0.0,3.7539416020138106e-15
2.2695822310000002,0.14033514399128919,0.13431420842780664,-0.1921149081013951,-0.13041153952235718,0.0,3.7539416020138106e-15
2.279816074,0.14033514399128919,0.13438159311192932,-0.1921149081013951,-0.13057627825126986,0.0,3.7539416020138106e-15
2.289451766,0.14033514399128919,0.13442120701977334,-0.1921149081013951,-0.13044840033806104,0.0,3.7539416020138106e-15
2.2998711380000003,0.14033514399128919,0.13448910775837514,-0.1921149081013951,-0.1307580425107535,0.0,3.7539416020138106e-15
2.309449625,0.1408360668354666,0.1345281259680748,-0.19393116484859502,-0.13096600095338418,0.0,3.7539416020138106e-15
2.3197296680000004,0.1408360668354666,0.13478247216856512,-0.19393116484859502,-0.13284098364417826,0.0,3.7539416020138106e-15
2.3294796100000004,0.1408360668354666,0.13489182112105225,-0.19393116484859502,-0.13313974488992503,0.0,3.7539416020138106e-15
2.3397947230000002,0.1408360668354666,0.13491689941211057,-0.19393116484859502,-0.1328447781595601,0.0,3.7539416020138106e-15
2.349575453,0.1408360668354666,0.13498005096804858,-0.19393116484859502,-0.1331077302988873,0.0,3.7539416020138106e-15
2.360188017,0.14132829358605548,0.13501316019071538,-0.19569614630637786,-0.13330483975997076,0.0,3.7539416020138106e-15
2.3699983230000004,0.14132829358605548,0.13516014018401956,-0.19569614630637786,-0.13441007696251417,0.0,3.7539416020138106e-15
2.379652342,0.14132829358605548,0.13537207394311893,-0.19569614630637786,-0.13559475021604886,0.0,3.7539416020138106e-15
2.389503624,0.14132829358605548,0.13541994084112402,-0.19569614630637786,-0.13526702567396592,0.0,3.7539416020138106e-15
2.3997464440000003,0.14132829358605548,0.13546959721668292,-0.19569614630637786,-0.13539372091846233,0.0,3.7539416020138106e-15
2.4097639710000003,0.14187000264158578,0.1355229532590329,-0.1976172444257661,-0.13572763646985725,0.0,3.7539416020138106e-15
2.419534123,0.14187000264158578,0.13570659565876386,-0.1976172444257661,-0.13708388327214016,0.0,3.7539416020138106e-15
2.4295212050000004,0.14187000264158578,0.13589333132280088,-0.1976172444257661,-0.13791896213479482,0.0,3.7539416020138106e-15
2.4396648080000003,0.14187000264158578,0.1359422010505486,-0.1976172444257661,-0.13781058781971428,0.0,3.7539416020138106e-15
2.4499061020000004,0.14187000264158578,0.13597313062206168,-0.1976172444257661,-0.13766309810411578,0.0,3.7539416020138106e-15
2.459716615,0.14236672135762302,0.13603612843661542,-0.19935980512683166,-0.13807572113304364,0.0,3.7539416020138106e-15
2.469500799,0.14236672135762302,0.13632081107285254,-0.19935980512683166,-0.14010589366007747,0.0,3.752206878537834e-15
2.4802577670000003,0.14236672135762302,0.1363761180667318,-0.19935980512683166,-0.14003153789863299,0.0,3.7539416020138106e-15
2.489623845,0.14236672135762302,0.13642903715847135,-0.19935980512683166,-0.13986520610746764,0.0,3.752206878537834e-15
2.4998345530000003,0.14236672135762302,0.13651535052632618,-0.19935980512683166,-0.1403011828857504,0.0,3.752206878537834e-15
2.5096828,0.1429026060660612,0.1365616274477466,-0.2012200208234283,-0.1404879052749573,0.0,3.7539416020138106e-15
2.847518988,0.1429026060660612,0.13667545553615026,-0.2012200208234283,-0.14131167480195905,0.0,3.7539416020138106e-15
2.849786489,0.1429026060660612,0.13667545553615026,-0.2012200208234283,-0.14131167480195905,0.0,3.7539416020138106e-15
2.860161153,0.14700634183608063,0.14151336889243496,-0.21500030271192389,-0.152176094859024,0.0,3.7539416020138106e-15
2.869383853,0.14700634183608063,0.14199931529629944,-0.21500030271192389,-0.16018187095117836,0.0,3.7539416020138106e-15
2.87999748,0.14700634183608063,0.1417568327634674,-0.21500030271192389,-0.15958803273076513,0.0,3.7539416020138106e-15
2.8895570250000002,0.14700634183608063,0.14164210471251357,-0.21500030271192389,-0.1593132714914457,0.0,3.7539416020138106e-15
2.8997763300000003,0.14700634183608063,0.1415702040433456,-0.21500030271192389,-0.15964592333598907,0.0,3.7539416020138106e-15
2.9095729550000002,0.1475875122401312,0.1415035934185126,-0.21686947319502214,-0.1600577539135425,0.0,3.7539416020138106e-15
2.919855538,0.1475875122401312,0.1416969156268991,-0.21686947319502214,-0.1620438792103211,0.0,3.7539416020138106e-15
2.929522077,0.1475875122401312,0.14174282088015103,-0.21686947319502214,-0.16225922501121054,0.0,3.7539416020138106e-15
2.939561052,0.1475875122401312,0.1417486365689677,-0.21686947319502214,-0.16194280710851872,0.0,3.7539416020138106e-15
2.949871286,0.1475875122401312,0.14179008477123037,-0.21686947319502214,-0.16219516295937045,0.0,3.752206878537834e-15
2.9595741380000002,0.148301522556733,0.14182762381059505,-0.2191375190579904,-0.16248746321917173,0.0,3.752206878537834e-15
2.969699142,0.148301522556733,0.14208822790363862,-0.2191375190579904,-0.1643304330074394,0.0,3.752206878537834e-15
2.9798338720000004,0.148301522556733,0.1422834731202817,-0.2191375190579904,-0.1649126078426297,0.0,3.7539416020138106e-15
2.9895397790000002,0.148301522556733,0.14234428620172276,-0.2191375190579904,-0.16464976312772386,0.0,3.7539416020138106e-15
3.0001723510000002,0.148301522556733,0.14241670796830122,-0.2191375190579904,-0.1648299910450485,0.0,3.7539416020138106e-15
3.0096162200000003,0.14903910798965056,0.14246263401904488,-0.2214564655427852,-0.16504361194761172,0.0,3.7539416020138106e-15
3.019802576,0.14903910798965056,0.14279247377949805,-0.2214564655427852,-0.16724579770114667,0.0,3.7539416020138106e-15
3.02951103,0.14903910798965056,0.14296881856285382,-0.2214564655427852,-0.16749998255849613,0.0,3.7539416020138106e-15
3.039915889,0.14903910798965056,0.14301309181012833,-0.2214564655427852,-0.1673699180512628,0.0,3.7539416020138106e-15
3.049645491,0.14903910798965056,0.1430958588851915,-0.2214564655427852,-0.16741634045022388,0.0,3.7539416020138106e-15
3.0595974650000004,0.14974925910589731,0.1431819225045595,-0.22366769959811028,-0.16775313875831344,0.0,3.7539416020138106e-15
3.069585893,0.14974925910589731,0.14354656594748288,-0.22366769959811028,-0.17003745132219408,0.0,3.7539416020138106e-15
3.079856034,0.14974925910589731,0.1437022523909859,-0.22366769959811028,-0.17027261849719907,0.0,3.7539416020138106e-15
3.089570606,0.14974925910589731,0.143753742142501,-0.22366769959811028,-0.16980782138749917,0.0,3.7539416020138106e-15
3.0995673040000002,0.14974925910589731,0.14384331404216666,-0.22366769959811028,-0.1700256029083725,0.0,3.7539416020138106e-15
3.1095668030000003,0.15057265830254996,0.1439190356403204,-0.22620777317519336,-0.1702965483399262,0.0,3.755676325489787e-15
3.119922066,0.15057265830254996,0.14409675222130858,-0.22620777317519336,-0.17144041542646316,0.0,3.755676325489787e-15
3.1296042240000004,0.15057265830254996,0.14439797340223787,-0.22620777317519336,-0.1730795742870989,0.0,3.755676325489787e-15
3.1400661000000003,0.15057265830254996,0.14450186925815156,-0.22620777317519336,-0.17265250749687028,0.0,3.755676325489787e-15
3.150158363,0.15057265830254996,0.1446020585104396,-0.22620777317519336,-0.17280715257256066,0.0,3.755676325489787e-15
3.1598866460000004,0.151349609535768,0.14468142917571208,-0.22858272437768729,-0.17302272950731046,0.0,3.755676325489787e-15
3.171123644,0.151349609535768,0.14480946315279944,-0.22858272437768729,-0.1738154435115255,0.0,3.755676325489787e-15
3.1796349960000003,0.151349609535768,0.14518969815864838,-0.22858272437768729,-0.1760116116496379,0.0,3.7539416020138106e-15
3.189627282,0.151349609535768,0.1452889232723523,-0.22858272437768729,-0.17542112523152548,0.0,3.7539416020138106e-15
3.200034249,0.151349609535768,0.14535404166363936,-0.22858272437768729,-0.17543499268478083,0.0,3.7539416020138106e-15
3.209638779,0.15209516129449793,0.14542076202517168,-0.2308416181537202,-0.1756285059155159,0.0,3.7539416020138106e-15
3.2197419930000004,0.15209516129449793,0.14586856005938267,-0.2308416181537202,-0.17837067866672252,0.0,3.7539416020138106e-15
3.230443782,0.15209516129449793,0.1459786971823213,-0.2308416181537202,-0.1782147008073811,0.0,3.7539416020138106e-15
3.239842286,0.15209516129449793,0.14602913912240564,-0.2308416181537202,-0.17781928875319764,0.0,3.7539416020138106e-15
3.2497610750000003,0.15209516129449793,0.14610629931529182,-0.2308416181537202,-0.17803242041433553,0.0,3.7539416020138106e-15
3.259397895,0.15292476153734863,0.14619463905716454,-0.23333387837744463,-0.17831803846770172,0.0,3.7539416020138106e-15
3.270221396,0.15292476153734863,0.1464387407587252,-0.23333387837744463,-0.1799977274066692,0.0,3.7539416020138106e-15
3.280224558,0.15292476153734863,0.14668199601792856,-0.23333387837744463,-0.18104734497711988,0.0,3.7539416020138106e-15
3.28956515,0.15292476153734863,0.1468342404750955,-0.23333387837744463,-0.1808346403125803,0.0,3.7539416020138106e-15
3.2997114560000003,0.15292476153734863,0.1469390192723357,-0.23333387837744463,-0.18069618169046348,0.0,3.7539416020138106e-15
3.310136271,0.15380378526576632,0.1469935160725751,-0.23595164610835473,-0.18087204335224383,0.0,3.7539416020138106e-15
3.319969947,0.15380378526576632,0.14713854139033558,-0.23595164610835473,-0.18180745462462053,0.0,3.7539416020138106e-15
3.3302108450000003,0.15380378526576632,0.14761653604459224,-0.23595164610835473,-0.1845243150340537,0.0,3.7539416020138106e-15
3.3398712030000004,0.15380378526576632,0.14771989034881208,-0.23595164610835473,-0.1837110196168127,0.0,3.7539416020138106e-15
3.350959571,0.15380378526576632,0.14775798508561322,-0.23595164610835473,-0.18342566708663738,0.0,3.7539416020138106e-15
3.359867835,0.15462923301069115,0.14786306458959325,-0.23838892421510888,-0.18379118604955733,0.0,3.7539416020138106e-15
3.3697767720000003,0.15462923301069115,0.14814088438840287,-0.23838892421510888,-0.18557139188092148,0.0,3.7539416020138106e-15
3.3797099310000003,0.15462923301069115,0.1484715256506278,-0.23838892421510888,-0.1867109822552958,0.0,3.752206878537834e-15
3.38991379,0.15462923301069115,0.14855114276299095,-0.23838892421510888,-0.18606710542561064,0.0,3.752206878537834e-15
3.399831759,0.15462923301069115,0.14860099353678066,-0.23838892421510888,-0.1861654060500781,0.0,3.7539416020138106e-15
3.410273398,0.1555037508364199,0.1486719562957362,-0.24095137060405708,-0.18645100624028532,0.0,3.752206878537834e-15
3.419758131,0.1555037508364199,0.14903475140591763,-0.24095137060405708,-0.18870384531716777,0.0,3.7539416020138106e-15
3.4295825430000004,0.1555037508364199,0.14931352761470665,-0.24095137060405708,-0.1894182349702277,0.0,3.7539416020138106e-15
3.440915833,0.1555037508364199,0.1493722084657903,-0.24095137060405708,-0.18906279263062406,0.0,3.7539416020138106e-15
3.4496363050000003,0.1555037508364199,0.14944135276039155,-0.24095137060405708,-0.18887444693431701,0.0,3.7539416020138106e-15
3.4609195510000004,0.1555037508364199,0.14953051309179904,-0.24095137060405708,-0.1892443312526712,0.0,3.7539416020138106e-15
3.4695187030000003,0.1564539146715158,0.14962393874606933,-0.24371348233895632,-0.18958117350381634,0.0,3.7539416020138106e-15
3.480753741,0.1564539146715158,0.14996690943435584,-0.24371348233895632,-0.19172305973849593,0.0,3.7539416020138106e-15
3.489719206,0.1564539146715158,0.15017012882493047,-0.24371348233895632,-0.19233464191177263,0.0,3.7539416020138106e-15
3.49955534,0.1564539146715158,0.15026274661963746,-0.24371348233895632,-0.19210566984076322,0.0,3.7539416020138106e-15
3.509830323,0.15738885667882768,0.15036943674898984,-0.2464111536615853,-0.19213532270120987,0.0,3.7539416020138106e-15
3.5224737110000004,0.15738885667882768,0.1508273495617306,-0.2464111536615853,-0.19476736049857662,0.0,3.7539416020138106e-15
3.5296060880000004,0.15738885667882768,0.15108251114945595,-0.2464111536615853,-0.1953443904185237,0.0,3.7539416020138106e-15
3.5397719220000003,0.15738885667882768,0.15113536723795815,-0.2464111536615853,-0.19479842610760997,0.0,3.7539416020138106e-15
3.5494950800000002,0.15738885667882768,0.15126115146772656,-0.2464111536615853,-0.1947846936478618,0.0,3.7539416020138106e-15
3.560307835,0.15840806495091067,0.15136203190557318,-0.24932808675105742,-0.19507012605526233,0.0,3.7539416020138106e-15
3.570679151,0.15840806495091067,0.1516547881337186,-0.24932808675105742,-0.19680440788892434,0.0,3.7539416020138106e-15
3.579753063,0.15840806495091067,0.15212879227463086,-0.24932808675105742,-0.19895615552548426,0.0,3.7539416020138106e-15
3.589509241,0.15840806495091067,0.15223862200073504,-0.24932808675105742,-0.1975957634985264,0.0,3.7539416020138106e-15
3.60154559,0.15840806495091067,0.15230779963057836,-0.24932808675105742,-0.19757501288357338,0.0,3.7539416020138106e-15
3.609642324,0.15954251325236446,0.15239323236404334,-0.25254924005290086,-0.19796652106979057,0.0,3.7539416020138106e-15
3.620303041,0.15954251325236446,0.1527723335842798,-0.25254924005290086,-0.20038870934380457,0.0,3.7539416020138106e-15
3.629557875,0.15954251325236446,0.15325214774731377,-0.25254924005290086,-0.20198908770214255,0.0,3.7539416020138106e-15
3.6406589850000004,0.15954251325236446,0.15328025532840384,-0.25254924005290086,-0.2011551627969244,0.0,3.7539416020138106e-15
3.64981014,0.15954251325236446,0.1533423852718578,-0.25254924005290086,-0.20070381802405343,0.0,3.7539416020138106e-15
3.6601408130000004,0.16064370038461817,0.1534791219303061,-0.25254924005290086,-0.2013476922349607,0.0,3.7539416020138106e-15
3.669593728,0.16064370038461817,0.1538331792230259,-0.25565141127357693,-0.20200234336618342,0.0,3.7539416020138106e-15
3.680357304,0.16064370038461817,0.15416959186229792,-0.25565141127357693,-0.2037279978126106,0.0,3.7539416020138106e-15
3.689923454,0.16064370038461817,0.1545042295204694,-0.25565141127357693,-0.2052011742162624,0.0,3.7539416020138106e-15
3.699519887,0.16064370038461817,0.1545250024536908,-0.25565141127357693,-0.20401608387157852,0.0,3.7539416020138106e-15
3.709521548,0.16192394892135367,0.1546095211314864,-0.2592321391103548,-0.20430119909182856,0.0,3.7539416020138106e-15
3.719823824,0.16192394892135367,0.15487204696422613,-0.2592321391103548,-0.20602598031363037,0.0,3.7539416020138106e-15
3.7299609680000003,0.16192394892135367,0.15540113611533282,-0.2592321391103548,-0.20871428967307182,0.0,3.7539416020138106e-15
3.7398319110000005,0.16192394892135367,0.1556436448270086,-0.2592321391103548,-0.2080331294782414,0.0,3.7539416020138106e-15
3.749598557,0.16192394892135367,0.1557306540369174,-0.2592321391103548,-0.20745629240432784,0.0,3.7539416020138106e-15
3.761626805,0.16192394892135367,0.15580006348101139,-0.2592321391103548,-0.2077062715471134,0.0,3.7539416020138106e-15
3.769592561,0.1632622297273202,0.15591858702209785,-0.26294373230456597,-0.20827007948287976,0.0,3.7539416020138106e-15
3.7798406890000003,0.1632622297273202,0.15627015086447293,-0.26294373230456597,-0.2104200334250845,0.0,3.7539416020138106e-15
3.7900823630000002,0.1632622297273202,0.15665110660807677,-0.26294373230456597,-0.21193657809767985,0.0,3.7539416020138106e-15
3.8013060160000003,0.1632622297273202,0.15683643652865592,-0.26294373230456597,-0.21145345184219852,0.0,3.7539416020138106e-15
3.809449963,0.16447509999510196,0.1569787428583029,-0.2662842608819876,-0.21136543691596163,0.0,3.7539416020138106e-15
3.819842319,0.16447509999510196,0.15742048343842943,-0.2662842608819876,-0.21391647186120727,0.0,3.7539416020138106e-15
3.8295545160000004,0.16447509999510196,0.15786166084634198,-0.2662842608819876,-0.21518822875066534,0.0,3.7539416020138106e-15
3.841436101,0.16447509999510196,0.15802480888184153,-0.2662842608819876,-0.2144766624416313,0.0,3.7539416020138106e-15
3.8495733010000004,0.16447509999510196,0.15813682233082216,-0.2662842608819876,-0.21454941605233852,0.0,3.752206878537834e-15
3.859637438,0.16577037665576114,0.15822384530639408,-0.2698264739461774,-0.21479176078337353,0.0,3.752206878537834e-15
3.8696086700000003,0.16577037665576114,0.1588944317596444,-0.2698264739461774,-0.21863596943826935,0.0,3.752206878537834e-15
3.8797937520000003,0.16577037665576114,0.1591645848827639,-0.2698264739461774,-0.21823903995965058,0.0,3.752206878537834e-15
3.889729125,0.16577037665576114,0.15927874945682308,-0.2698264739461774,-0.21788558782690184,0.0,3.7539416020138106e-15
3.8994618200000004,0.16577037665576114,0.15939683830114676,-0.2698264739461774,-0.21800514227835788,0.0,3.7539416020138106e-15
3.9098968750000003,0.16718626403512174,0.15954142372697214,-0.27367171599854856,-0.21839165391067308,0.0,3.7539416020138106e-15
3.919716728,0.16718626403512174,0.16023840464042616,-0.27367171599854856,-0.22236698795729362,0.0,3.7539416020138106e-15
3.929689569,0.16718626403512174,0.1605175469141861,-0.27367171599854856,-0.22274921126514544,0.0,3.7539416020138106e-15
3.9398629400000003,0.16718626403512174,0.16058576752177378,-0.27367171599854856,-0.22166569871199915,0.0,3.7539416020138106e-15
3.949524985,0.16718626403512174,0.16075316605366058,-0.27367171599854856,-0.22161267314858188,0.0,3.7539416020138106e-15
3.960127438,0.16866555330342253,0.16089830125516727,-0.277661439446406,-0.22206077133159732,0.0,3.7539416020138106e-15
3.975013999,0.16866555330342253,0.1615523490581736,-0.277661439446406,-0.2258182719559886,0.0,3.7539416020138106e-15
3.979875685,0.16866555330342253,0.16210684035107265,-0.277661439446406,-0.22817395084297162,0.0,3.7539416020138106e-15
3.989612418,0.16866555330342253,0.16204872993484654,-0.277661439446406,-0.22456714726133772,0.0,3.7539416020138106e-15
4.0002975240000005,0.16866555330342253,0.16224231809190734,-0.277661439446406,-0.2255115329852478,0.0,3.7539416020138106e-15
4.009574929,0.16866555330342253,0.1624537319811707,-0.277661439446406,-0.22638243229550234,0.0,3.7539416020138106e-15
4.019538518,0.16866555330342253,0.16244819537399594,-0.277661439446406,-0.22583046995737316,0.0,3.7539416020138106e-15
4.02952332,0.16866555330342253,0.1624946313135317,-0.277661439446406,-0.22594849556191587,0.0,3.7539416020138106e-15
4.040484759,0.16866555330342253,0.1625455377747205,-0.277661439446406,-0.22629399149584958,0.0,3.755676325489787e-15
4.052813117,0.16866555330342253,0.16257280050981907,-0.277661439446406,-0.2264651569406923,0.0,3.7539416020138106e-15
4.059444561,0.16866555330342253,0.16258679214081334,-0.277661439446406,-0.22659312439569437,0.0,3.7539416020138106e-15
4.069443795000001,0.16866555330342253,0.16260546306960547,-0.277661439446406,-0.22680599055338602,0.0,3.7539416020138106e-15
4.079891216,0.16866555330342253,0.16261653691444966,-0.277661439446406,-0.22696726039671478,0.0,3.7539416020138106e-15
4.090125822,0.16866555330342253,0.1626261245154962,-0.277661439446406,-0.2271295868746122,0.0,3.7539416020138106e-15
4.099552790000001,0.16866555330342253,0.16263493462897627,-0.277661439446406,-0.22728431958518358,0.0,3.7539416020138106e-15
4.109493748,0.16866555330342253,0.16264598684555398,-0.277661439446406,-0.22749597826025222,0.0,3.7539416020138106e-15
4.121119874000001,0.16866555330342253,0.16265374818574807,-0.277661439446406,-0.22769195748103413,0.0,3.7539416020138106e-15
4.130466963,0.16866555330342253,0.1626595005348004,-0.277661439446406,-0.22784802966657755,0.0,3.7539416020138106e-15
4.139575440000001,0.16866555330342253,0.1626673925426668,-0.277661439446406,-0.22803552542323333,0.0,3.7539416020138106e-15
4.149698654,0.16866555330342253,0.16267173786818054,-0.277661439446406,-0.2281693106537437,0.0,3.7539416020138106e-15
4.159826464,0.16866555330342253,0.16268144492568912,-0.277661439446406,-0.2283854727780767,0.0,3.7539416020138106e-15
4.170249168000001,0.16866555330342253,0.16268712705016014,-0.277661439446406,-0.22858087016076986,0.0,3.7539416020138106e-15
4.179745179,0.16866555330342253,0.1626905741673231,-0.277661439446406,-0.22874761061392493,0.0,3.7539416020138106e-15
4.189882036,0.16866555330342253,0.16269458916620352,-0.277661439446406,-0.228903384648937,0.0,3.7539416020138106e-15
4.199682922,0.16866555330342253,0.16270136672650007,-0.277661439446406,-0.22909988592635402,0.0,3.7539416020138106e-15
4.209639629000001,0.16866555330342253,0.1627052240334533,-0.277661439446406,-0.2292373526935349,0.0,3.7539416020138106e-15
4.220196337,0.16866555330342253,0.1627108847938436,-0.277661439446406,-0.2293746673244133,0.0,3.7539416020138106e-15
4.2300168220000005,0.16866555330342253,0.1627203830369075,-0.277661439446406,-0.22958265716548007,0.0,3.7539416020138106e-15
4.239766582000001,0.16866555330342253,0.16272901385830235,-0.277661439446406,-0.22982126426343696,0.0,3.7539416020138106e-15
4.250672379,0.16866555330342253,0.16272966704259062,-0.277661439446406,-0.22990385897212004,0.0,3.7539416020138106e-15
4.259508892,0.16866555330342253,0.1627383533138919,-0.277661439446406,-0.23013183633156972,0.0,3.7539416020138106e-15
4.271218828,0.16866555330342253,0.1627419527425339,-0.277661439446406,-0.23027120831428766,0.0,3.7539416020138106e-15
4.279633553,0.16866555330342253,0.1627486928888961,-0.277661439446406,-0.23049542440499174,0.0,3.7539416020138106e-15
4.289627624,0.16866555330342253,0.16275012302406272,-0.277661439446406,-0.23061523170395085,0.0,3.7539416020138106e-15
4.300088502,0.16866555330342253,0.1627515509440882,-0.277661439446406,-0.2306873611615342,0.0,3.7539416020138106e-15
4.312062078,0.16866555330342253,0.16276264873481558,-0.277661439446406,-0.2308962762137538,0.0,3.7539416020138106e-15
4.319767479,0.16866555330342253,0.1627765549924952,-0.277661439446406,-0.23115493088415523,0.0,3.7539416020138106e-15
4.329756215000001,0.16866555330342253,0.16277949442656467,-0.277661439446406,-0.23130443585502256,0.0,3.752206878537834e-15
4.339731878,0.16866555330342253,0.1627805654512349,-0.277661439446406,-0.23144489084438433,0.0,3.752206878537834e-15
4.35037086,0.16866555330342253,0.1627806269126624,-0.277661439446406,-0.23147020626371634,0.0,3.752206878537834e-15
4.359882143,0.16866555330342253,0.16279322791379613,-0.277661439446406,-0.23172542687870448,0.0,3.7539416020138106e-15
4.369716974,0.16866555330342253,0.16280865894072258,-0.277661439446406,-0.23205072086795253,0.0,3.7539416020138106e-15
4.37967125,0.16866555330342253,0.1628034172162027,-0.277661439446406,-0.23208110235564972,0.0,3.7539416020138106e-15
4.389566588,0.16866555330342253,0.1628080454012994,-0.277661439446406,-0.2322708570096216,0.0,3.7539416020138106e-15
4.400165545,0.16866555330342253,0.16281159220757693,-0.277661439446406,-0.23236889473975622,0.0,3.7539416020138106e-15
4.409968846,0.16866555330342253,0.16281972151429622,-0.277661439446406,-0.23255411971128553,0.0,3.7539416020138106e-15
4.419767718,0.16866555330342253,0.16282931893173508,-0.277661439446406,-0.23277097705986702,0.0,3.7539416020138106e-15
4.429449193,0.16866555330342253,0.16283255657731108,-0.277661439446406,-0.2329495734256196,0.0,3.7539416020138106e-15
4.441612775,0.16866555330342253,0.1628334171953154,-0.277661439446406,-0.2330269202038597,0.0,3.7539416020138106e-15
4.449700244000001,0.16866555330342253,0.16283836882799504,-0.277661439446406,-0.2331828263576099,0.0,3.7539416020138106e-15
4.461088525,0.16866555330342253,0.1628486816609382,-0.277661439446406,-0.2333887280247752,0.0,3.7539416020138106e-15
4.469514608,0.16866555330342253,0.16285600295411473,-0.277661439446406,-0.23357358895975852,0.0,3.7539416020138106e-15
4.482191348000001,0.16866555330342253,0.16285801080182852,-0.277661439446406,-0.23369930746655387,0.0,3.7539416020138106e-15
4.489458472,0.16866555330342253,0.16286336316615435,-0.277661439446406,-0.23382942454027253,0.0,3.7539416020138106e-15
4.499550995,0.16866555330342253,0.1628710865703869,-0.277661439446406,-0.23400869740055555,0.0,3.7539416020138106e-15
4.509762119,0.16866555330342253,0.16287667138717607,-0.277661439446406,-0.23419560029410483,0.0,3.7539416020138106e-15
4.519921436000001,0.16866555330342253,0.1628790957265018,-0.277661439446406,-0.2343427380774014,0.0,3.755676325489787e-15
4.529864342000001,0.16866555330342253,0.1628825700143688,-0.277661439446406,-0.2344640245358956,0.0,3.755676325489787e-15
4.539812147,0.16866555330342253,0.16289062440460905,-0.277661439446406,-0.23466408346256298,0.0,3.7539416020138106e-15
4.549691405,0.16866555330342253,0.16289372999690332,-0.277661439446406,-0.23477723063037206,0.0,3.7539416020138106e-15
4.559869219,0.16866555330342253,0.1628991734080076,-0.277661439446406,-0.2349357409967502,0.0,3.7539416020138106e-15
4.569595413,0.16866555330342253,0.16290607118786646,-0.277661439446406,-0.23510897773418124,0.0,3.7539416020138106e-15
4.579922514000001,0.16866555330342253,0.16290994478837004,-0.277661439446406,-0.23522915678823575,0.0,3.7539416020138106e-15
4.58996265,0.16866555330342253,0.1629157121167979,-0.277661439446406,-0.23537169588068704,0.0,3.7539416020138106e-15
4.600149984000001,0.16866555330342253,0.16292272136185967,-0.277661439446406,-0.23552092452002524,0.0,3.7539416020138106e-15
4.6096707210000005,0.16866555330342253,0.16293253363971416,-0.277661439446406,-0.23575278779387682,0.0,3.7539416020138106e-15
4.619545746,0.16866555330342253,0.1629320045537103,-0.277661439446406,-0.23584684419459873,0.0,3.7539416020138106e-15
4.63008309,0.16866555330342253,0.16293577185754549,-0.277661439446406,-0.23594691603988546,0.0,3.7539416020138106e-15
4.639599002000001,0.16866555330342253,0.1629433947509995,-0.277661439446406,-0.23610033919836323,0.0,3.7539416020138106e-15
4.6497171680000005,0.16866555330342253,0.1629535907357231,-0.277661439446406,-0.23630678706775576,0.0,3.7539416020138106e-15
4.659444523,0.16866555330342253,0.1629575346891256,-0.277661439446406,-0.236463978070395,0.0,3.7539416020138106e-15
4.670202623000001,0.16866555330342253,0.16295883503963537,-0.277661439446406,-0.23653881551184192,0.0,3.7539416020138106e-15
4.679906283,0.16866555330342253,0.16296650584579148,-0.277661439446406,-0.23670585554782908,0.0,3.7539416020138106e-15
4.689590772,0.16866555330342253,0.1629746368188643,-0.277661439446406,-0.23688029470349464,0.0,3.7539416020138106e-15
4.699744575,0.16866555330342253,0.16297955414539464,-0.277661439446406,-0.23704918637277095,0.0,3.7539416020138106e-15
4.711603168,0.16866555330342253,0.16298165516186927,-0.277661439446406,-0.23716159815966362,0.0,3.7539416020138106e-15
4.720682405000001,0.16866555330342253,0.16298785766526694,-0.277661439446406,-0.23729961748491246,0.0,3.7539416020138106e-15
4.7294291500000005,0.16866555330342253,0.16299330884728655,-0.277661439446406,-0.2374111431334454,0.0,3.7539416020138106e-15
4.739571178,0.16866555330342253,0.16300353525045186,-0.277661439446406,-0.23763706547345878,0.0,3.7539416020138106e-15
4.753941295000001,0.16866555330342253,0.1630044698195746,-0.277661439446406,-0.2377379014007084,0.0,3.7539416020138106e-15
4.759792331,0.16866555330342253,0.163008954894147,-0.277661439446406,-0.23784950491791493,0.0,3.7539416020138106e-15
4.769715851,0.16866555330342253,0.16301997327049836,-0.277661439446406,-0.23808062069622224,0.0,3.7539416020138106e-15
4.779509535,0.16866555330342253,0.1630191683689896,-0.277661439446406,-0.23816782210755055,0.0,3.7539416020138106e-15
4.789901891,0.16866555330342253,0.1630235769762171,-0.277661439446406,-0.2383073593499709,0.0,3.7539416020138106e-15
4.79972684,0.16866555330342253,0.163027647828011,-0.277661439446406,-0.23840479905753736,0.0,3.7539416020138106e-15
4.8099125560000004,0.16866555330342253,0.16303477671956038,-0.277661439446406,-0.23854647137314863,0.0,3.752206878537834e-15
4.819900251,0.16866555330342253,0.16304540870968756,-0.277661439446406,-0.23875752917755189,0.0,3.752206878537834e-15
4.829589459,0.16866555330342253,0.1630477057292944,-0.277661439446406,-0.238878027653407,0.0,3.752206878537834e-15
4.839636309,0.16866555330342253,0.16305008173878216,-0.277661439446406,-0.23896894520045078,0.0,3.7539416020138106e-15
4.849753867,0.16866555330342253,0.1630566519757388,-0.277661439446406,-0.2391307714704856,0.0,3.7539416020138106e-15
4.860436948,0.16866555330342253,0.16306385169686996,-0.277661439446406,-0.23930475581508442,0.0,3.7539416020138106e-15
4.869738374000001,0.16866555330342253,0.1630674861277207,-0.277661439446406,-0.23943803297878322,0.0,3.7539416020138106e-15
4.880211729,0.16866555330342253,0.16306961883407298,-0.277661439446406,-0.23951136878180823,0.0,3.7539416020138106e-15
4.89084874,0.16866555330342253,0.16307937120966642,-0.277661439446406,-0.23972490225695386,0.0,3.7539416020138106e-15
4.900006696,0.16866555330342253,0.16308258463859232,-0.277661439446406,-0.2398093473023381,0.0,3.7539416020138106e-15
4.9094352610000005,0.16866555330342253,0.16308923853624732,-0.277661439446406,-0.23996718559120506,0.0,3.7539416020138106e-15
4.923624503,0.16866555330342253,0.16309338415423272,-0.277661439446406,-0.24008784205780312,0.0,3.7539416020138106e-15
4.929419019,0.16866555330342253,0.16309873350183313,-0.277661439446406,-0.24019838027414867,0.0,3.755676325489787e-15
4.939550314,0.16866555330342253,0.163105234428768,-0.277661439446406,-0.24032344735556968,0.0,3.755676325489787e-15
4.949679002,0.16866555330342253,0.1631142947023316,-0.277661439446406,-0.24053653540943487,0.0,3.7539416020138106e-15
4.959738936,0.16866555330342253,0.16311472927006995,-0.277661439446406,-0.240627290246857,0.0,3.7539416020138106e-15
4.969870985,0.16866555330342253,0.16311624265416622,-0.277661439446406,-0.24069414689714216,0.0,3.7539416020138106e-15
4.979881015,0.16866555330342253,0.16312716422242624,-0.277661439446406,-0.2408886644321048,0.0,3.755676325489787e-15
4.98988107,0.16866555330342253,0.16313280143315262,-0.277661439446406,-0.24101834068402792,0.0,3.755676325489787e-15
4.999898174,0.16866555330342253,0.16313789850414792,-0.277661439446406,-0.24116896351332748,0.0,3.755676325489787e-15
5.009990790000001,0.16866555330342253,0.16314013907157524,-0.277661439446406,-0.24124375640279716,0.0,3.7539416020138106e-15
5.019498502,0.16866555330342253,0.163147849264887,-0.277661439446406,-0.24139674485408993,0.0,3.7539416020138106e-15
5.030397428000001,0.16866555330342253,0.16315244860894476,-0.277661439446406,-0.24149773703971683,0.0,3.7539416020138106e-15
5.039562889,0.16866555330342253,0.1631593267111484,-0.277661439446406,-0.2416441504758266,0.0,3.7539416020138106e-15
5.049636277,0.16866555330342253,0.16316620484204758,-0.277661439446406,-0.2417998964108432,0.0,3.7539416020138106e-15
5.061137631,0.16866555330342253,0.1631690006355619,-0.277661439446406,-0.24188493847228903,0.0,3.7539416020138106e-15
5.069427800000001,0.16866555330342253,0.16317742172352764,-0.277661439446406,-0.24206923701835242,0.0,3.7539416020138106e-15
5.0796933420000006,0.16866555330342253,0.1631791531584636,-0.277661439446406,-0.2421518748396898,0.0,3.7539416020138106e-15
5.089724263,0.16866555330342253,0.16318460795949224,-0.277661439446406,-0.2422908555394879,0.0,3.7539416020138106e-15
5.102226152,0.16866555330342253,0.16319014656676734,-0.277661439446406,-0.24241986103197888,0.0,3.7539416020138106e-15
5.109613673,0.16866555330342253,0.1631971762770866,-0.277661439446406,-0.24257335803887536,0.0,3.7539416020138106e-15
5.119767761,0.16866555330342253,0.1632006463695562,-0.277661439446406,-0.24267764045074042,0.0,3.7539416020138106e-15
5.129956326,0.16866555330342253,0.16320488221211438,-0.277661439446406,-0.24279901040585808,0.0,3.7539416020138106e-15
5.1395070370000004,0.16866555330342253,0.16321072708597642,-0.277661439446406,-0.24294328601087353,0.0,3.7539416020138106e-15
5.149441243,0.16866555330342253,0.16321332387888912,-0.277661439446406,-0.24302595900110288,0.0,3.7539416020138106e-15
5.159907163000001,0.16866555330342253,0.16321701908695133,-0.277661439446406,-0.2431272267712162,0.0,3.7539416020138106e-15
5.1695478260000005,0.16866555330342253,0.16322845939271013,-0.277661439446406,-0.24332954549899308,0.0,3.7539416020138106e-15
5.179421656000001,0.16866555330342253,0.1632301179710657,-0.277661439446406,-0.2434250184290862,0.0,3.7539416020138106e-15
5.189460794,0.16866555330342253,0.16323270317363106,-0.277661439446406,-0.24350621654373883,0.0,3.7539416020138106e-15
5.199470004,0.16866555330342253,0.1632392689564309,-0.277661439446406,-0.24363044926282656,0.0,3.7539416020138106e-15
5.209569884,0.16866555330342253,0.16324865404132946,-0.277661439446406,-0.24381008538165344,0.0,3.7539416020138106e-15
5.220399957000001,0.16866555330342253,0.163250402125138,-0.277661439446406,-0.24388394935781293,0.0,3.7539416020138106e-15
5.229938397000001,0.16866555330342253,0.16325725702810465,-0.277661439446406,-0.24403657777990895,0.0,3.752206878537834e-15
5.239447113000001,0.16866555330342253,0.16326116834499277,-0.277661439446406,-0.24413877710144255,0.0,3.752206878537834e-15
5.249611263,0.16866555330342253,0.16326674682941344,-0.277661439446406,-0.24428087230211398,0.0,3.7539416020138106e-15
5.260389476,0.16866555330342253,0.16326887357736827,-0.277661439446406,-0.24434017211254833,0.0,3.7539416020138106e-15
5.269696164,0.16866555330342253,0.16327768494588962,-0.277661439446406,-0.24450262062188644,0.0,3.7539416020138106e-15
5.279878882,0.16866555330342253,0.16328399489926007,-0.277661439446406,-0.2446493728620734,0.0,3.7539416020138106e-15
5.289606180000001,0.16866555330342253,0.16328539395730157,-0.277661439446406,-0.24474353677910157,0.0,3.7539416020138106e-15
5.299521875,0.16866555330342253,0.16328855136187007,-0.277661439446406,-0.24481865854619134,0.0,3.7539416020138106e-15
5.309638283,0.16866555330342253,0.16329566038509685,-0.277661439446406,-0.24495576021474488,0.0,3.7539416020138106e-15
5.319534445,0.16866555330342253,0.163303666200159,-0.277661439446406,-0.2451177111347813,0.0,3.7539416020138106e-15
5.329888687,0.16866555330342253,0.16330514777204483,-0.277661439446406,-0.2451954771304358,0.0,3.7539416020138106e-15
5.339560046,0.16866555330342253,0.1633104878229266,-0.277661439446406,-0.24531928595388658,0.0,3.7539416020138106e-15
5.349772789,0.16866555330342253,0.16331363782219496,-0.277661439446406,-0.24538547857520024,0.0,3.7539416020138106e-15
5.3595269530000005,0.16866555330342253,0.16332385849057554,-0.277661439446406,-0.2455573000433513,0.0,3.7539416020138106e-15
5.370236866,0.16866555330342253,0.16332787497939327,-0.277661439446406,-0.24565647358165177,0.0,3.7539416020138106e-15
5.379541771,0.16866555330342253,0.16333276439002364,-0.277661439446406,-0.24576758774373836,0.0,3.7539416020138106e-15
5.389944465,0.16866555330342253,0.16333606338464254,-0.277661439446406,-0.24583911020215482,0.0,3.7539416020138106e-15
5.399546409,0.16866555330342253,0.16334560179570082,-0.277661439446406,-0.24601501900305633,0.0,3.7539416020138106e-15
5.409983145,0.16866555330342253,0.1633492059597164,-0.277661439446406,-0.24612688256278709,0.0,3.7539416020138106e-15
5.420141389,0.16866555330342253,0.16335123980172464,-0.277661439446406,-0.2461984265201684,0.0,3.755676325489787e-15
5.429940429,0.16866555330342253,0.16335760954820444,-0.277661439446406,-0.24631664355927083,0.0,3.7539416020138106e-15
5.440125478000001,0.16866555330342253,0.16336595023697847,-0.277661439446406,-0.24647702112565403,0.0,3.7539416020138106e-15
5.449599076,0.16866555330342253,0.16336833610824644,-0.277661439446406,-0.24657254307359663,0.0,3.7539416020138106e-15
5.459887325,0.16866555330342253,0.16337122746054264,-0.277661439446406,-0.2466505236371359,0.0,3.7539416020138106e-15
5.469613421,0.16866555330342253,0.16337766071642687,-0.277661439446406,-0.2467726948079065,0.0,3.7539416020138106e-15
5.479798731000001,0.16866555330342253,0.16338323028187113,-0.277661439446406,-0.24688568456129165,0.0,3.7539416020138106e-15
5.48999491,0.16866555330342253,0.16338713830066065,-0.277661439446406,-0.246968385270644,0.0,3.7539416020138106e-15
5.500021501,0.16866555330342253,0.16339436389399972,-0.277661439446406,-0.24710770107377347,0.0,3.7539416020138106e-15
5.509843975000001,0.16866555330342253,0.16339992773039988,-0.277661439446406,-0.2472291326775084,0.0,3.7539416020138106e-15
5.519724996000001,0.16866555330342253,0.16340367073782164,-0.277661439446406,-0.2473374305441149,0.0,3.7539416020138106e-15
5.5294950830000005,0.16866555330342253,0.16340737642682332,-0.277661439446406,-0.2474415157193281,0.0,3.7539416020138106e-15
5.539706687000001,0.16866555330342253,0.1634105416234084,-0.277661439446406,-0.24751834976802603,0.0,3.7539416020138106e-15
5.549575829,0.16866555330342253,0.1634187956323802,-0.277661439446406,-0.24766771345625677,0.0,3.7539416020138106e-15
5.5636519060000005,0.16866555330342253,0.1634221662109297,-0.277661439446406,-0.2477640679662422,0.0,3.7539416020138106e-15
5.569632849,0.16866555330342253,0.1634261546310978,-0.277661439446406,-0.24784919194425709,0.0,3.7539416020138106e-15
5.580185945,0.16866555330342253,0.1634328883721463,-0.277661439446406,-0.24796933759552986,0.0,3.7539416020138106e-15
5.589545645,0.16866555330342253,0.16343861935056733,-0.277661439446406,-0.24808677648139316,0.0,3.7539416020138106e-15
5.5995886740000005,0.16866555330342253,0.1634414486734095,-0.277661439446406,-0.24815993530426103,0.0,3.7539416020138106e-15
5.609609431,0.16866555330342253,0.16344862924454082,-0.277661439446406,-0.2482981018876783,0.0,3.7539416020138106e-15
5.619844463000001,0.16866555330342253,0.1634523139118333,-0.277661439446406,-0.24839720762683906,0.0,3.7539416020138106e-15
5.629834593,0.16866555330342253,0.16345588765048713,-0.277661439446406,-0.2484820328039844,0.0,3.7539416020138106e-15
5.640033693,0.16866555330342253,0.16346175987136202,-0.277661439446406,-0.2486010226613815,0.0,3.7539416020138106e-15
5.6503983380000005,0.16866555330342253,0.16346747840282597,-0.277661439446406,-0.24872670533821603,0.0,3.7539416020138106e-15
5.65952522,0.16866555330342253,0.1634705574700937,-0.277661439446406,-0.24881251287945433,0.0,3.7539416020138106e-15
5.669747161,0.16866555330342253,0.16347369053803332,-0.277661439446406,-0.24888215565124502,0.0,3.7539416020138106e-15
5.679593259000001,0.16866555330342253,0.1634791650035851,-0.277661439446406,-0.2489769615889472,0.0,3.7539416020138106e-15
5.689575652,0.16866555330342253,0.16348883171216733,-0.277661439446406,-0.2491343377485693,0.0,3.7539416020138106e-15
5.699733403000001,0.16866555330342253,0.16349137209383954,-0.277661439446406,-0.2492171406751806,0.0,3.7539416020138106e-15
5.7096254250000005,0.16866555330342253,0.16349488274195123,-0.277661439446406,-0.24929855991388084,0.0,3.7539416020138106e-15
5.7199609,0.16866555330342253,0.16350056749630745,-0.277661439446406,-0.24939754637717068,0.0,3.752206878537834e-15
5.729590205,0.16866555330342253,0.16350875517902624,-0.277661439446406,-0.249548961753011,0.0,3.7539416020138106e-15
5.73990299,0.16866555330342253,0.16350997557607905,-0.277661439446406,-0.2495996250346223,0.0,3.7539416020138106e-15
5.749758363000001,0.16866555330342253,0.16351460916978663,-0.277661439446406,-0.249687747174298,0.0,3.7539416020138106e-15
5.759890992000001,0.16866555330342253,0.1635230113487813,-0.277661439446406,-0.2498313905084559,0.0,3.7539416020138106e-15
5.769631512,0.16866555330342253,0.16352645736892377,-0.277661439446406,-0.24992307536839947,0.0,3.7539416020138106e-15
5.779520860000001,0.16866555330342253,0.1635294531597043,-0.277661439446406,-0.24999287460679867,0.0,3.7539416020138106e-15
5.789747343,0.16866555330342253,0.16353457215258263,-0.277661439446406,-0.250085003112277,0.0,3.7539416020138106e-15
5.799846493,0.16866555330342253,0.16354323953759917,-0.277661439446406,-0.2502358656915428,0.0,3.7539416020138106e-15
5.810249269000001,0.16866555330342253,0.1635451141385966,-0.277661439446406,-0.2502934379555531,0.0,3.7539416020138106e-15
5.819576033000001,0.16866555330342253,0.1635504214913002,-0.277661439446406,-0.2503941067947211,0.0,3.7539416020138106e-15
5.829780305000001,0.16866555330342253,0.16355474939898326,-0.277661439446406,-0.25047345221235884,0.0,3.7539416020138106e-15
5.8398136460000005,0.16866555330342253,0.1635630634706114,-0.277661439446406,-0.2506223023120682,0.0,3.7539416020138106e-15
5.850277893,0.16866555330342253,0.16356495352428846,-0.277661439446406,-0.25068054738041756,0.0,3.7539416020138106e-15
5.859786268000001,0.16866555330342253,0.16356844640345083,-0.277661439446406,-0.25076659381476935,0.0,3.7539416020138106e-15
5.8699358340000005,0.16866555330342253,0.16357555863694492,-0.277661439446406,-0.25088897115961634,0.0,3.7539416020138106e-15
5.879543583,0.16866555330342253,0.1635807181068875,-0.277661439446406,-0.25099957598657646,0.0,3.7539416020138106e-15
